metric,historico,controlado,novo,ganho_vs_historico_pct,ganho_vs_controlado_pct
Recall@5,0.06426839126919967,0.06975717439293598,0.12931968693558096,101.2181795463065,85.38550057537398
MRR@5,0.029341821611425477,0.031573349387919156,0.06556358284835122,123.44755454044908,107.65482319540565
NDCG@5,0.03788692043113994,0.04091252313778092,0.08122006689132989,114.37495042371842,98.52128556775988
Recall@10,0.11944219886822958,0.13662452337949027,0.2231186032510536,86.80048204504453,63.307873090481785
MRR@10,0.03642645417099734,0.04023866861615212,0.07770892462945371,113.33101559834333,93.12001937922153
NDCG@10,0.05544627664138228,0.06227669722266477,0.1111777465169784,100.51435957739491,78.52222657131655
